email,first_name,company,role,source_url,one_line_pain_signal,priority,notes
hi@lumenresearch.co,Daniel,Lumen Labs,Simulation/RL Integration Engineer (hiring),https://news.ycombinator.com/item?id=48747976,"we test many model architectures against many sims and hooking them together is our biggest pain point",1,Daniel Van Zant posted HN Jul 13 2026; pre-seed; team of 2 hiring #3; explicit integration pain
hiring+hn@name-coach.com,Prashanth,Namecoach/Euphonia,Founding Voice AI Engineer (hiring),https://news.ycombinator.com/item?id=48747976,"the new wave of TTS sounds great but gives you almost no phoneme-level control so it gets lots of names and words wrong and you can't easily fix it",1,shanbhagp posted HN Jul 13 2026; middleware fix over TTS providers; Series A closed; still hiring founding role
amber.auslander@matterhaul.com,Amber,Matterhaul,Applied AI + Infrastructure Engineer (hiring),https://news.ycombinator.com/item?id=48747976,"~a year of operation building AI-native ERP for industrial distribution; taking MVP to next level; need help shipping past prototype",1,amberauslander posted HN Jul 9 2026; SF onsite 4x/week; design partners asking to invest = paid pilot capacity
chiomakamalu@regnitive.com,Chioma,Regnitive,CEO (seeking technical co-founder),https://news.ycombinator.com/item?id=48747976,"early-stage AI-powered privacy and data governance software; seeking technical co-founder because non-technical solo founder",1,Chioma_Jasmine posted HN Jul 13 2026; explicit gap: has product idea no technical execution; Toronto but role is remote-Canada
team@klutch.ai,,Klutch AI,Mobile Engineer (hiring),https://news.ycombinator.com/item?id=48747976,"AI platform for construction: offline-first apps + documents/blueprints understanding + field-office bridge",2,ngohgia posted HN Jul 2 2026; team@ inbox not first-name; Seattle onsite; construction/AI vertical
josef@podosai.com,Josef,PODOS AI / Syntropic,Founder (hiring kernel engineer),https://news.ycombinator.com/item?id=48747976,"validated 22x memory result exists as reference implementation only; need production speed on fused Triton/CUDA dequant+attention kernel",2,posted HN Jul 6 2026; explicit prototype-to-production gap; paid 1-2 week trial
hooman@sonibelinstruments.com,Hooman,Sonibel Instruments,CPO (hiring founding systems engineer),https://news.ycombinator.com/item?id=48747976,"need founding systems engineer to own full arc from MVP to reliable customer deployment",2,d-labami posted HN Jul 3 2026; medical instruments (not AI-first but signal of production gap); low priority for AI-rescue pitch
jobs@thisdot.co,,This Dot Labs,Engineering Leads + Senior Engineers (hiring),https://news.ycombinator.com/item?id=48747976,"looking for engineers already using AI in real workflows to help clients modernize systems",3,MeaningfulAI posted HN Jul 6 2026; consultancy — might be competitor rather than target; only pitch if positioning as subcontractor
careers@estuary.dev,,Estuary,SWE (hiring),https://news.ycombinator.com/item?id=48747976,"working with complex APIs and data flows; CDC tools",3,posted HN Jul 6 2026; data pipeline company; adjacent not AI-integration
